run_id,order,rep,timestamp,label,precision,NX,NY,ny_gpu,ny_cpu,steps,warmup,n_samples,omp_threads,mlups_total,t_total_s,t_step_ms_mean,t_step_ms_std,t_step_ms_median,t_gpu_ms_mean,t_gpu_ms_std,t_gpu_ms_median,t_cpu_ms_mean,t_cpu_ms_std,t_cpu_ms_median,gpu_side_mlups,cpu_side_mlups,sample_ms,gpu_temp_start,gpu_temp_end,gpu_temp_max,gpu_sm_clock_mean,gpu_power_max,cpu_mhz_start,cpu_mhz_end,git_commit,git_dirty,binary,returncode
20261006_102041-0001,1,10,2026-10-06T10:20:50,static,FP64,1000,1000,800,200,1000,100,899,12,678.936,1.47289,1.4672,0.231765,1.42817,1.43656,0.0316693,1.41814,0.690485,0.301633,0.634576,556.885,289.651,500,40.0,45.0,47.0,1080.0,119.07,1790.0,1492.9,d5f129c,1,lbm_heterogeneo_estatico_bench,0
20261006_102041-0002,2,8,2026-10-06T10:20:57,static,FP64,1000,1000,850,150,1000,100,899,12,653.202,1.53092,1.52196,0.0299659,1.50927,1.51346,0.0298138,1.50086,0.494285,0.035849,0.475169,561.627,303.469,500,41.0,47.0,47.0,1076.2,115.43,2573.9,2997.6,d5f129c,1,lbm_heterogeneo_estatico_bench,0
20261006_102041-0003,3,5,2026-10-06T10:21:06,static,FP64,1000,1000,300,700,1000,100,899,12,349.455,2.8616,2.83801,0.0798378,2.81846,0.607167,0.00442947,0.606432,2.80621,0.0795122,2.78699,494.098,249.447,500,41.0,45.0,45.0,1377.9,78.42,2177.2,1940.5,d5f129c,1,lbm_heterogeneo_estatico_bench,0
20261006_102041-0004,4,5,2026-10-06T10:21:13,static,FP64,1000,1000,700,300,1000,100,899,12,787.966,1.26909,1.26097,0.0252874,1.2494,1.24881,0.0248902,1.2375,1.01521,0.0513021,0.986154,560.531,295.506,500,41.0,47.0,48.0,1072.5,88.89,2218.5,1198.1,d5f129c,1,lbm_heterogeneo_estatico_bench,0
20261006_102041-0005,5,8,2026-10-06T10:21:21,static,FP64,1000,1000,400,600,1000,100,899,12,417.205,2.3969,2.37745,0.0622947,2.35727,0.797586,0.00433093,0.797088,2.34491,0.0620671,2.32526,501.513,255.873,500,42.0,46.0,46.0,1300.0,83.04,1868.7,1646.9,d5f129c,1,lbm_heterogeneo_estatico_bench,0
20261006_102041-0006,6,7,2026-10-06T10:21:28,static,FP64,1000,1000,700,300,1000,100,899,12,786.094,1.27211,1.26445,0.0315312,1.24944,1.25149,0.0274661,1.23728,1.01466,0.0581222,0.985543,559.334,295.667,500,42.0,46.0,49.0,1087.5,120.65,2095.8,1708.1,d5f129c,1,lbm_heterogeneo_estatico_bench,0
20261006_102041-0007,7,9,2026-10-06T10:21:36,static,FP64,1000,1000,500,500,1000,100,899,12,508.781,1.96548,1.94905,0.0567681,1.92711,0.958581,0.00476794,0.958176,1.91787,0.0564453,1.89625,521.604,260.705,500,42.0,46.0,47.0,1191.0,88.96,1707.7,1443.7,d5f129c,1,lbm_heterogeneo_estatico_bench,0
20261006_102041-0008,8,6,2026-10-06T10:21:43,static,FP64,1000,1000,823,177,1000,100,899,12,673.409,1.48498,1.4764,0.0244242,1.46722,1.46799,0.0242646,1.45904,0.580398,0.0321563,0.561099,560.629,304.963,500,43.0,48.0,49.0,1080.0,118.07,2482.2,2192.8,d5f129c,1,lbm_heterogeneo_estatico_bench,0
20261006_102041-0009,9,7,2026-10-06T10:21:50,static,FP64,1000,1000,823,177,1000,100,899,12,674.056,1.48356,1.47482,0.0723604,1.46802,1.46382,0.0185445,1.45939,0.584324,0.10435,0.560308,562.229,302.914,500,43.0,48.0,49.0,1080.0,116.1,1678.7,2572.5,d5f129c,1,lbm_heterogeneo_estatico_bench,0
20261006_102041-0010,10,6,2026-10-06T10:21:57,static,FP64,1000,1000,850,150,1000,100,899,12,651.607,1.53467,1.52606,0.0290737,1.51429,1.51776,0.0288383,1.50627,0.494951,0.0327557,0.475098,560.038,303.06,500,44.0,50.0,50.0,1076.2,112.52,1602.9,1740.9,d5f129c,1,lbm_heterogeneo_estatico_bench,0
20261006_102041-0011,11,7,2026-10-06T10:22:04,static,FP64,1000,1000,660,340,1000,100,899,12,818.295,1.22205,1.21423,0.0374161,1.19151,1.18813,0.0206281,1.17715,1.16767,0.0494004,1.14042,555.494,291.177,500,44.0,49.0,50.0,1065.0,68.28,2106.7,2605.3,d5f129c,1,lbm_heterogeneo_estatico_bench,0
20261006_102041-0012,12,1,2026-10-06T10:22:11,static,FP64,1000,1000,660,340,1000,100,899,12,805.512,1.24145,1.22498,0.0579897,1.21359,1.19804,0.0266242,1.19994,1.17771,0.0676221,1.14273,550.901,288.696,500,44.0,50.0,50.0,1053.8,59.12,1751.3,1451.2,d5f129c,1,lbm_heterogeneo_estatico_bench,0
20261006_102041-0013,13,9,2026-10-06T10:22:18,static,FP64,1000,1000,750,250,1000,100,899,12,736.464,1.35784,1.34985,0.0237571,1.33982,1.33963,0.0236435,1.32963,0.830088,0.0455833,0.803041,559.857,301.173,500,44.0,48.0,51.0,1080.0,120.74,1872.6,3100.6,d5f129c,1,lbm_heterogeneo_estatico_bench,0
20261006_102041-0014,14,10,2026-10-06T10:22:25,static,FP64,1000,1000,700,300,1000,100,899,12,787.437,1.26994,1.26192,0.0290656,1.25273,1.24923,0.0210478,1.24106,1.01775,0.0597424,0.986685,560.347,294.769,500,45.0,48.0,51.0,1080.0,121.08,2059.0,1831.4,d5f129c,1,lbm_heterogeneo_estatico_bench,0
20261006_102041-0015,15,1,2026-10-06T10:22:32,static,FP64,1000,1000,850,150,1000,100,899,12,651.91,1.53395,1.5254,0.0280672,1.51424,1.51732,0.0279386,1.50646,0.494055,0.0338326,0.474868,560.198,303.61,500,45.0,51.0,51.0,1080.0,116.21,2191.1,1747.3,d5f129c,1,lbm_heterogeneo_estatico_bench,0
20261006_102041-0016,16,7,2026-10-06T10:22:40,static,FP64,1000,1000,750,250,1000,100,899,12,736.248,1.35824,1.35002,0.0242094,1.33986,1.33995,0.0240808,1.32992,0.834166,0.0447739,0.805316,559.724,299.701,500,45.0,50.0,52.0,1080.0,113.83,2124.3,1697.4,d5f129c,1,lbm_heterogeneo_estatico_bench,0
20261006_102041-0017,17,1,2026-10-06T10:22:47,static,FP64,1000,1000,600,400,1000,100,899,12,669.157,1.49442,1.4853,0.0589218,1.46339,1.12751,0.00402331,1.12726,1.45571,0.0585318,1.43396,532.147,274.78,500,46.0,50.0,50.0,1027.5,65.11,2370.2,1181.4,d5f129c,1,lbm_heterogeneo_estatico_bench,0
20261006_102041-0018,18,7,2026-10-06T10:22:54,static,FP64,1000,1000,950,50,1000,100,899,12,585.037,1.7093,1.69953,0.0258196,1.69147,1.6893,0.0257382,1.68134,0.193817,0.0100169,0.196788,562.363,257.976,500,46.0,52.0,52.0,1076.2,78.22,2720.0,2570.3,d5f129c,1,lbm_heterogeneo_estatico_bench,0
20261006_102041-0019,19,8,2026-10-06T10:23:01,static,FP64,1000,1000,700,300,1000,100,899,12,786.805,1.27096,1.26322,0.0431926,1.25259,1.25038,0.0220555,1.24106,1.02349,0.0679166,0.988569,559.83,293.116,500,46.0,52.0,52.0,1072.5,85.59,1984.6,1455.1,d5f129c,1,lbm_heterogeneo_estatico_bench,0
20261006_102041-0020,20,10,2026-10-06T10:23:08,static,FP64,1000,1000,660,340,1000,100,899,12,815.534,1.22619,1.21872,0.036415,1.21343,1.19497,0.0247936,1.19853,1.17011,0.0494203,1.1418,552.316,290.571,500,46.0,50.0,53.0,1065.0,119.5,3112.0,1979.9,d5f129c,1,lbm_heterogeneo_estatico_bench,0
20261006_102041-0021,21,7,2026-10-06T10:23:16,static,FP64,1000,1000,300,700,1000,100,899,12,365.365,2.73699,2.71676,0.132714,2.77508,0.607082,0.00469744,0.606528,2.68425,0.132228,2.7426,494.167,260.781,500,47.0,50.0,50.0,1377.9,79.5,1604.3,1327.4,d5f129c,1,lbm_heterogeneo_estatico_bench,0
20261006_102041-0022,22,1,2026-10-06T10:23:23,static,FP64,1000,1000,700,300,1000,100,899,12,786.322,1.27174,1.2639,0.0233239,1.25358,1.25199,0.0231532,1.2416,1.01567,0.0500151,0.986996,559.11,295.371,500,47.0,51.0,53.0,1080.0,113.63,2318.2,1933.9,d5f129c,1,lbm_heterogeneo_estatico_bench,0
20261006_102041-0023,23,9,2026-10-06T10:23:31,static,FP64,1000,1000,823,177,1000,100,899,12,675.376,1.48066,1.47142,0.0166058,1.46782,1.46301,0.0165248,1.45942,0.580772,0.0335964,0.560618,562.537,304.767,500,47.0,53.0,53.0,1080.0,114.21,1835.4,2180.5,d5f129c,1,lbm_heterogeneo_estatico_bench,0
20261006_102041-0024,24,3,2026-10-06T10:23:38,static,FP64,1000,1000,600,400,1000,100,899,12,672.791,1.48634,1.47731,0.0411059,1.46359,1.12773,0.00394159,1.12765,1.44837,0.0407251,1.43512,532.043,276.173,500,48.0,52.0,52.0,1027.5,68.75,2700.9,1449.2,d5f129c,1,lbm_heterogeneo_estatico_bench,0
20261006_102041-0025,25,6,2026-10-06T10:23:46,static,FP64,1000,1000,300,700,1000,100,899,12,352.986,2.83297,2.8096,0.069691,2.80313,0.607439,0.00515687,0.606656,2.77743,0.0693371,2.77082,493.876,252.032,500,48.0,51.0,51.0,1377.9,79.56,2082.2,1195.0,d5f129c,1,lbm_heterogeneo_estatico_bench,0
20261006_102041-0026,26,6,2026-10-06T10:23:54,static,FP64,1000,1000,500,500,1000,100,899,12,509.212,1.96382,1.94917,0.131885,1.92287,0.958171,0.00559424,0.957568,1.91864,0.131843,1.89277,521.828,260.601,500,48.0,52.0,52.0,1191.0,89.03,2149.4,2294.6,d5f129c,1,lbm_heterogeneo_estatico_bench,0
20261006_102041-0027,27,10,2026-10-06T10:24:01,static,FP64,1000,1000,750,250,1000,100,899,12,737.219,1.35645,1.3481,0.0412663,1.33778,1.33592,0.0266056,1.32685,0.837096,0.0692216,0.80728,561.413,298.651,500,48.0,51.0,54.0,1083.8,122.2,2354.6,1827.8,d5f129c,1,lbm_heterogeneo_estatico_bench,0
20261006_102041-0028,28,5,2026-10-06T10:24:07,static,FP64,1000,1000,660,340,1000,100,899,12,814.195,1.22821,1.22177,0.0751459,1.21582,1.19086,0.0241103,1.19667,1.17323,0.0830385,1.14453,554.221,289.797,500,48.0,54.0,54.0,770.0,70.55,1948.8,2885.0,d5f129c,1,lbm_heterogeneo_estatico_bench,0
20261006_102041-0029,29,10,2026-10-06T10:24:15,static,FP64,1000,1000,600,400,1000,100,899,12,586.462,1.70514,1.72122,0.929668,1.48372,1.12739,0.00463003,1.1271,1.69139,0.927832,1.45433,532.205,236.492,500,49.0,53.0,53.0,1027.5,98.57,1840.6,2609.2,d5f129c,1,lbm_heterogeneo_estatico_bench,0
20261006_102041-0030,30,4,2026-10-06T10:24:22,static,FP64,1000,1000,950,50,1000,100,899,12,588.797,1.69838,1.68742,0.0354557,1.67201,1.67976,0.0352901,1.66451,0.193691,0.0135823,0.196457,565.558,258.143,500,49.0,55.0,55.0,1080.0,114.45,2200.6,2771.2,d5f129c,1,lbm_heterogeneo_estatico_bench,0
20261006_102041-0031,31,8,2026-10-06T10:24:29,static,FP64,1000,1000,950,50,1000,100,899,12,589.861,1.69531,1.68418,0.0308441,1.67254,1.67611,0.0307267,1.66442,0.19351,0.0085659,0.196798,566.788,258.385,500,49.0,55.0,55.0,1080.0,113.36,1838.3,2162.7,d5f129c,1,lbm_heterogeneo_estatico_bench,0
20261006_102041-0032,32,8,2026-10-06T10:24:36,static,FP64,1000,1000,800,200,1000,100,899,12,695.959,1.43687,1.42711,0.0251211,1.41681,1.41797,0.0249644,1.40774,0.660785,0.040697,0.63644,564.188,302.67,500,50.0,55.0,55.0,1076.2,99.7,1887.8,2049.4,d5f129c,1,lbm_heterogeneo_estatico_bench,0
20261006_102041-0033,33,2,2026-10-06T10:24:43,static,FP64,1000,1000,823,177,1000,100,899,12,675.389,1.48063,1.47164,0.0344643,1.45374,1.46323,0.0342896,1.4455,0.582058,0.0361448,0.560639,562.453,304.094,500,50.0,55.0,55.0,1057.5,60.76,1938.0,2005.6,d5f129c,1,lbm_heterogeneo_estatico_bench,0
20261006_102041-0034,34,9,2026-10-06T10:24:50,static,FP64,1000,1000,900,100,1000,100,899,12,622.728,1.60584,1.59515,0.0288109,1.58425,1.58736,0.0287091,1.57648,0.368209,0.0271857,0.369441,566.98,271.585,500,50.0,54.0,56.0,1087.5,122.79,1840.7,1854.3,d5f129c,1,lbm_heterogeneo_estatico_bench,0
20261006_102041-0035,35,4,2026-10-06T10:24:57,static,FP64,1000,1000,823,177,1000,100,899,12,679.606,1.47144,1.46137,0.0227806,1.45271,1.45294,0.022416,1.44448,0.581074,0.0339838,0.560328,566.437,304.608,500,50.0,54.0,56.0,1087.5,122.43,1856.8,1442.2,d5f129c,1,lbm_heterogeneo_estatico_bench,0
20261006_102041-0036,36,9,2026-10-06T10:25:04,static,FP64,1000,1000,850,150,1000,100,899,12,657.88,1.52003,1.51001,0.0285199,1.4988,1.50192,0.0284116,1.49088,0.491453,0.0285639,0.475058,565.943,305.217,500,50.0,56.0,56.0,1087.5,113.04,2195.4,1676.1,d5f129c,1,lbm_heterogeneo_estatico_bench,0
20261006_102041-0037,37,8,2026-10-06T10:25:11,static,FP64,1000,1000,823,177,1000,100,899,12,675.673,1.48001,1.47091,0.139081,1.45266,1.45822,0.0296856,1.44464,0.594732,0.169706,0.568262,564.386,297.613,500,50.0,56.0,56.0,1087.5,114.5,1821.2,1854.5,d5f129c,1,lbm_heterogeneo_estatico_bench,0
20261006_102041-0038,38,3,2026-10-06T10:25:18,static,FP64,1000,1000,950,50,1000,100,899,12,588.341,1.6997,1.68904,0.0366035,1.67291,1.68084,0.0364673,1.66483,0.193108,0.00911748,0.196647,565.195,258.923,500,51.0,57.0,56.0,1080.0,78.69,2094.6,1847.1,d5f129c,1,lbm_heterogeneo_estatico_bench,0
20261006_102041-0039,39,2,2026-10-06T10:25:25,static,FP64,1000,1000,900,100,1000,100,899,12,622.094,1.60747,1.59695,0.030869,1.58432,1.58898,0.0307409,1.57642,0.36766,0.0273017,0.368789,566.401,271.991,500,51.0,57.0,57.0,1080.0,79.77,2283.4,1573.6,d5f129c,1,lbm_heterogeneo_estatico_bench,0
20261006_102041-0040,40,1,2026-10-06T10:25:32,static,FP64,1000,1000,750,250,1000,100,899,12,741.563,1.3485,1.33896,0.0275398,1.32662,1.32825,0.0270532,1.31616,0.835452,0.0486474,0.805977,564.652,299.239,500,52.0,54.0,57.0,1076.2,84.38,2271.2,1758.2,d5f129c,1,lbm_heterogeneo_estatico_bench,0
20261006_102041-0041,41,5,2026-10-06T10:25:39,static,FP64,1000,1000,823,177,1000,100,899,12,676.385,1.47845,1.46925,0.0323598,1.45359,1.4607,0.0322331,1.44509,0.579537,0.0319851,0.560378,563.428,305.416,500,51.0,55.0,57.0,1087.5,120.8,2224.2,1850.2,d5f129c,1,lbm_heterogeneo_estatico_bench,0
20261006_102041-0042,42,4,2026-10-06T10:25:46,static,FP64,1000,1000,800,200,1000,100,899,12,695.56,1.43769,1.42822,0.0274976,1.41613,1.41927,0.0273602,1.40742,0.657638,0.0387034,0.633895,563.672,304.119,500,52.0,55.0,57.0,1087.5,119.47,2499.5,1251.6,d5f129c,1,lbm_heterogeneo_estatico_bench,0
20261006_102041-0043,43,10,2026-10-06T10:25:55,static,FP64,1000,1000,400,600,1000,100,899,12,416.829,2.39907,2.37972,0.069358,2.35557,0.797802,0.00445825,0.79744,2.34866,0.069086,2.32498,501.377,255.465,500,52.0,55.0,55.0,1300.0,83.99,1855.3,1961.9,d5f129c,1,lbm_heterogeneo_estatico_bench,0
20261006_102041-0044,44,1,2026-10-06T10:26:03,static,FP64,1000,1000,400,600,1000,100,899,12,429.282,2.32947,2.31015,0.0924871,2.34031,0.79787,0.00493448,0.797568,2.27786,0.0921936,2.30772,501.335,263.405,500,52.0,55.0,55.0,1315.0,84.15,1735.9,1442.8,d5f129c,1,lbm_heterogeneo_estatico_bench,0
20261006_102041-0045,45,2,2026-10-06T10:26:10,static,FP64,1000,1000,750,250,1000,100,899,12,743.499,1.34499,1.33559,0.0227331,1.32631,1.32519,0.0226266,1.31578,0.833735,0.0452316,0.806247,565.955,299.855,500,52.0,58.0,57.0,1076.2,76.31,2272.4,2147.3,d5f129c,1,lbm_heterogeneo_estatico_bench,0
20261006_102041-0046,46,9,2026-10-06T10:26:18,static,FP64,1000,1000,300,700,1000,100,899,12,365.278,2.73764,2.71492,0.135151,2.76729,0.606716,0.00485807,0.606016,2.68269,0.134871,2.73438,494.465,260.932,500,52.0,55.0,55.0,1377.9,79.74,2224.3,1819.3,d5f129c,1,lbm_heterogeneo_estatico_bench,0
20261006_102041-0047,47,5,2026-10-06T10:26:25,static,FP64,1000,1000,950,50,1000,100,899,12,588.651,1.6988,1.68782,0.0346035,1.67307,1.67886,0.0339594,1.6648,0.193991,0.0115775,0.196698,565.861,257.744,500,52.0,58.0,58.0,1087.5,123.73,1768.5,2313.4,d5f129c,1,lbm_heterogeneo_estatico_bench,0
20261006_102041-0048,48,8,2026-10-06T10:26:33,static,FP64,1000,1000,500,500,1000,100,899,12,526.421,1.89962,1.88507,0.0979081,1.91797,0.958143,0.004662,0.957792,1.85443,0.0977325,1.88752,521.843,269.624,500,52.0,55.0,56.0,1191.0,90.41,2200.6,1448.6,d5f129c,1,lbm_heterogeneo_estatico_bench,0
20261006_102041-0049,49,8,2026-10-06T10:26:40,static,FP64,1000,1000,600,400,1000,100,899,12,672.498,1.48699,1.47725,0.0375498,1.4597,1.12745,0.00393024,1.12717,1.44843,0.0371889,1.43121,532.175,276.162,500,52.0,57.0,56.0,1027.5,98.61,1564.6,2113.1,d5f129c,1,lbm_heterogeneo_estatico_bench,0
20261006_102041-0050,50,7,2026-10-06T10:26:48,static,FP64,1000,1000,400,600,1000,100,899,12,418.511,2.38942,2.37039,0.0586946,2.35215,0.797578,0.00399034,0.797408,2.33916,0.0584171,2.32092,501.519,256.502,500,53.0,56.0,56.0,1300.0,83.83,1484.2,1581.6,d5f129c,1,lbm_heterogeneo_estatico_bench,0
20261006_102041-0051,51,3,2026-10-06T10:26:55,static,FP64,1000,1000,850,150,1000,100,899,12,656.33,1.52362,1.514,0.0326661,1.49965,1.5059,0.0325251,1.49155,0.493496,0.0313412,0.476181,564.448,303.954,500,53.0,58.0,58.0,1080.0,113.57,1841.6,2531.4,d5f129c,1,lbm_heterogeneo_estatico_bench,0
20261006_102041-0052,52,4,2026-10-06T10:27:02,static,FP64,1000,1000,750,250,1000,100,899,12,743.149,1.34563,1.33626,0.0238136,1.32627,1.32543,0.0237257,1.3153,0.827946,0.0427227,0.804374,565.855,301.952,500,53.0,58.0,58.0,1076.2,99.07,1993.7,1197.4,d5f129c,1,lbm_heterogeneo_estatico_bench,0
20261006_102041-0053,53,6,2026-10-06T10:27:09,static,FP64,1000,1000,600,400,1000,100,899,12,669.727,1.49315,1.4835,0.038825,1.46491,1.12798,0.0041454,1.12787,1.45389,0.0385702,1.43546,531.926,275.124,500,53.0,57.0,57.0,1027.5,78.64,3185.9,1852.7,d5f129c,1,lbm_heterogeneo_estatico_bench,0
20261006_102041-0054,54,7,2026-10-06T10:27:16,static,FP64,1000,1000,800,200,1000,100,899,12,694.074,1.44077,1.43148,0.0302288,1.41742,1.42194,0.0300035,1.40781,0.657651,0.0361581,0.635799,562.613,304.113,500,53.0,56.0,59.0,1087.5,123.64,1370.8,2204.2,d5f129c,1,lbm_heterogeneo_estatico_bench,0
20261006_102041-0055,55,3,2026-10-06T10:27:23,static,FP64,1000,1000,750,250,1000,100,899,12,742.4,1.34698,1.33773,0.0254163,1.32656,1.3275,0.0253144,1.31632,0.834399,0.0441708,0.805947,564.974,299.617,500,53.0,56.0,59.0,1087.5,123.81,2440.8,1582.6,d5f129c,1,lbm_heterogeneo_estatico_bench,0
20261006_102041-0056,56,6,2026-10-06T10:27:31,static,FP64,1000,1000,950,50,1000,100,899,12,586.584,1.70478,1.69461,0.0333307,1.68156,1.68661,0.0332169,1.67373,0.193375,0.00939764,0.196888,563.26,258.565,500,53.0,59.0,59.0,1083.8,122.23,2422.6,2149.2,d5f129c,1,lbm_heterogeneo_estatico_bench,0
20261006_102041-0057,57,2,2026-10-06T10:27:38,static,FP64,1000,1000,850,150,1000,100,899,12,657.107,1.52182,1.51196,0.0297722,1.49989,1.50374,0.0296614,1.49178,0.494166,0.0305647,0.475258,565.256,303.542,500,53.0,59.0,58.0,1087.5,115.79,2516.6,1499.7,d5f129c,1,lbm_heterogeneo_estatico_bench,0
20261006_102041-0058,58,2,2026-10-06T10:27:45,static,FP64,1000,1000,600,400,1000,100,899,12,668.855,1.49509,1.48555,0.0530305,1.46449,1.12761,0.00414725,1.12736,1.45535,0.0525617,1.43414,532.101,274.849,500,52.0,56.0,56.0,1027.5,87.36,1891.8,2052.4,d5f129c,1,lbm_heterogeneo_estatico_bench,0
20261006_102041-0059,59,4,2026-10-06T10:27:52,static,FP64,1000,1000,900,100,1000,100,899,12,620.315,1.61208,1.60205,0.0766017,1.584,1.59197,0.0334133,1.57622,0.369485,0.113567,0.364742,565.339,270.647,500,52.0,57.0,57.0,1072.5,96.17,1841.0,1502.4,d5f129c,1,lbm_heterogeneo_estatico_bench,0
20261006_102041-0060,60,8,2026-10-06T10:28:00,static,FP64,1000,1000,300,700,1000,100,899,12,362.203,2.76088,2.74014,0.191426,2.78505,0.606903,0.00531948,0.606176,2.70763,0.191234,2.75219,494.313,258.528,500,51.0,53.0,53.0,1377.9,79.43,1959.3,1852.9,d5f129c,1,lbm_heterogeneo_estatico_bench,0
20261006_102041-0061,61,5,2026-10-06T10:28:08,static,FP64,1000,1000,400,600,1000,100,899,12,434.847,2.29966,2.28189,0.128034,2.32283,0.797778,0.00438103,0.797408,2.25002,0.127752,2.29092,501.393,266.664,500,49.0,52.0,53.0,1300.0,84.07,2110.3,1576.4,d5f129c,1,lbm_heterogeneo_estatico_bench,0
20261006_102041-0062,62,3,2026-10-06T10:28:17,static,FP64,1000,1000,300,700,1000,100,899,12,348.986,2.86544,2.84427,0.0635269,2.82628,0.60686,0.00460013,0.60624,2.81256,0.0632431,2.79476,494.348,248.883,500,48.0,51.0,52.0,1377.9,79.56,1755.0,2062.9,d5f129c,1,lbm_heterogeneo_estatico_bench,0
20261006_102041-0063,63,2,2026-10-06T10:28:24,static,FP64,1000,1000,700,300,1000,100,899,12,782.899,1.2773,1.26998,0.0274869,1.25563,1.25741,0.0273471,1.24288,1.01673,0.0477975,0.990883,556.701,295.065,500,48.0,51.0,54.0,1072.5,115.09,2147.0,1708.9,d5f129c,1,lbm_heterogeneo_estatico_bench,0
20261006_102041-0064,64,3,2026-10-06T10:28:31,static,FP64,1000,1000,660,340,1000,100,899,12,812.146,1.23131,1.22435,0.0501462,1.22169,1.19484,0.0241949,1.19898,1.17977,0.0589608,1.14858,552.375,288.192,500,47.0,51.0,53.0,1065.0,103.93,2582.3,2626.5,d5f129c,1,lbm_heterogeneo_estatico_bench,0
20261006_102041-0065,65,10,2026-10-06T10:28:39,static,FP64,1000,1000,500,500,1000,100,899,12,507.947,1.96871,1.9544,0.054735,1.93232,0.958363,0.0046328,0.957952,1.92399,0.0543622,1.90226,521.723,259.876,500,47.0,51.0,50.0,1191.0,89.03,2021.5,1711.8,d5f129c,1,lbm_heterogeneo_estatico_bench,0
20261006_102041-0066,66,9,2026-10-06T10:28:46,static,FP64,1000,1000,660,340,1000,100,899,12,818.013,1.22247,1.21453,0.0376184,1.19311,1.18813,0.021105,1.17936,1.16978,0.0496278,1.14416,555.492,290.654,500,46.0,51.0,52.0,1065.0,83.41,1405.2,2308.3,d5f129c,1,lbm_heterogeneo_estatico_bench,0
20261006_102041-0067,67,7,2026-10-06T10:28:53,static,FP64,1000,1000,850,150,1000,100,899,12,651.482,1.53496,1.52644,0.0293424,1.51419,1.51819,0.0292137,1.50618,0.491756,0.029627,0.474558,559.877,305.029,500,46.0,50.0,52.0,1080.0,120.67,2974.2,1527.2,d5f129c,1,lbm_heterogeneo_estatico_bench,0
20261006_102041-0068,68,4,2026-10-06T10:29:01,static,FP64,1000,1000,400,600,1000,100,899,12,414.957,2.40989,2.39147,0.131659,2.3626,0.797744,0.00492666,0.7976,2.36015,0.13142,2.33142,501.414,254.221,500,46.0,48.0,49.0,1300.0,83.53,2092.8,1327.4,d5f129c,1,lbm_heterogeneo_estatico_bench,0
20261006_102041-0069,69,6,2026-10-06T10:29:08,static,FP64,1000,1000,800,200,1000,100,899,12,691.966,1.44516,1.43647,0.0188211,1.43013,1.42749,0.0186929,1.42122,0.659937,0.0352054,0.639345,560.425,303.059,500,45.0,50.0,51.0,1095.0,116.46,1842.2,2462.8,d5f129c,1,lbm_heterogeneo_estatico_bench,0
20261006_102041-0070,70,3,2026-10-06T10:29:16,static,FP64,1000,1000,400,600,1000,100,899,12,414.132,2.41469,2.39738,0.119058,2.36616,0.79788,0.00506505,0.797472,2.36595,0.118714,2.33515,501.329,253.598,500,45.0,48.0,48.0,1300.0,83.39,1399.9,1327.1,d5f129c,1,lbm_heterogeneo_estatico_bench,0
20261006_102041-0071,71,7,2026-10-06T10:29:23,static,FP64,1000,1000,600,400,1000,100,899,12,668.241,1.49647,1.48729,0.0369235,1.47134,1.12792,0.0049653,1.12765,1.45744,0.0364536,1.44184,531.955,274.454,500,44.0,49.0,49.0,1027.5,94.19,1841.7,2865.5,d5f129c,1,lbm_heterogeneo_estatico_bench,0
20261006_102041-0072,72,10,2026-10-06T10:29:30,static,FP64,1000,1000,850,150,1000,100,899,12,651.312,1.53536,1.52698,0.0302543,1.51416,1.51879,0.0301357,1.50618,0.491622,0.0286434,0.474838,559.655,305.113,500,44.0,50.0,50.0,1053.8,80.12,2448.7,1556.8,d5f129c,1,lbm_heterogeneo_estatico_bench,0
20261006_102041-0073,73,7,2026-10-06T10:29:37,static,FP64,1000,1000,900,100,1000,100,899,12,617.313,1.61992,1.61089,0.028276,1.60088,1.60274,0.028081,1.5928,0.364748,0.0289015,0.359512,561.539,274.162,500,44.0,50.0,50.0,1053.8,85.74,1847.8,2836.7,d5f129c,1,lbm_heterogeneo_estatico_bench,0
20261006_102041-0074,74,10,2026-10-06T10:29:44,static,FP64,1000,1000,823,177,1000,100,899,12,674.349,1.48291,1.47416,0.0226874,1.4674,1.46559,0.0224886,1.45901,0.582932,0.0325421,0.562642,561.548,303.638,500,44.0,48.0,50.0,1080.0,122.7,2124.2,1453.7,d5f129c,1,lbm_heterogeneo_estatico_bench,0
20261006_102041-0075,75,1,2026-10-06T10:29:53,static,FP64,1000,1000,300,700,1000,100,899,12,349.296,2.8629,2.84304,0.319457,2.81182,0.606801,0.00524106,0.60608,2.81193,0.319026,2.78033,494.396,248.94,500,44.0,47.0,47.0,1377.9,78.86,1484.2,1195.5,d5f129c,1,lbm_heterogeneo_estatico_bench,0
20261006_102041-0076,76,10,2026-10-06T10:30:00,static,FP64,1000,1000,950,50,1000,100,899,12,584.609,1.71055,1.70087,0.0325986,1.68834,1.6931,0.032486,1.68077,0.194863,0.0420679,0.196768,561.102,256.591,500,43.0,50.0,49.0,1076.2,119.89,2198.3,2500.7,d5f129c,1,lbm_heterogeneo_estatico_bench,0
20261006_102041-0077,77,6,2026-10-06T10:30:07,static,FP64,1000,1000,750,250,1000,100,899,12,734.603,1.36128,1.35361,0.0613739,1.33977,1.34127,0.0263469,1.32922,0.841,0.0478613,0.812419,559.172,297.265,500,44.0,47.0,49.0,1072.5,115.09,1929.7,1387.4,d5f129c,1,lbm_heterogeneo_estatico_bench,0
20261006_102041-0078,78,1,2026-10-06T10:30:14,static,FP64,1000,1000,900,100,1000,100,899,12,619.644,1.61383,1.60401,0.019143,1.59961,1.59585,0.0189604,1.59149,0.365145,0.0292605,0.360755,563.964,273.864,500,43.0,49.0,49.0,1080.0,113.92,2548.4,1939.9,d5f129c,1,lbm_heterogeneo_estatico_bench,0
20261006_102041-0079,79,3,2026-10-06T10:30:21,static,FP64,1000,1000,823,177,1000,100,899,12,672.267,1.4875,1.47918,0.029245,1.46754,1.47095,0.0290977,1.45949,0.582236,0.0336364,0.56122,559.503,304.001,500,44.0,49.0,49.0,1076.2,87.21,1857.9,2710.9,d5f129c,1,lbm_heterogeneo_estatico_bench,0
20261006_102041-0080,80,9,2026-10-06T10:30:28,static,FP64,1000,1000,700,300,1000,100,899,12,785.24,1.2735,1.26571,0.0286684,1.25422,1.25193,0.0236102,1.24154,1.02405,0.0530316,0.992466,559.138,292.954,500,43.0,48.0,49.0,1072.5,77.25,2305.8,1936.9,d5f129c,1,lbm_heterogeneo_estatico_bench,0
20261006_102041-0081,81,4,2026-10-06T10:30:37,static,FP64,1000,1000,300,700,1000,100,899,12,363.631,2.75004,2.73065,0.136251,2.80057,0.606873,0.00503008,0.606176,2.69776,0.135998,2.76711,494.337,259.475,500,43.0,46.0,46.0,1377.9,79.08,2041.8,1466.6,d5f129c,1,lbm_heterogeneo_estatico_bench,0
20261006_102041-0082,82,2,2026-10-06T10:30:44,static,FP64,1000,1000,660,340,1000,100,899,12,816.089,1.22536,1.21798,0.0401319,1.19963,1.19071,0.021032,1.1849,1.17319,0.0513606,1.14617,554.293,289.807,500,42.0,46.0,49.0,1072.5,119.83,2606.7,1972.6,d5f129c,1,lbm_heterogeneo_estatico_bench,0
20261006_102041-0083,83,4,2026-10-06T10:30:51,static,FP64,1000,1000,660,340,1000,100,899,12,812.847,1.23024,1.22166,0.0436203,1.22235,1.19627,0.0262566,1.20698,1.1779,0.0517957,1.15008,551.716,288.648,500,42.0,46.0,49.0,1061.2,114.04,2667.0,1831.6,d5f129c,1,lbm_heterogeneo_estatico_bench,0
20261006_102041-0084,84,1,2026-10-06T10:30:58,static,FP64,1000,1000,950,50,1000,100,899,12,587.865,1.70107,1.6906,0.0212831,1.68417,1.68268,0.0212052,1.67635,0.193807,0.00939889,0.197168,564.575,257.988,500,42.0,49.0,48.0,1080.0,109.17,1855.7,2466.8,d5f129c,1,lbm_heterogeneo_estatico_bench,0
20261006_102041-0085,85,10,2026-10-06T10:31:07,static,FP64,1000,1000,300,700,1000,100,899,12,350.608,2.85219,2.8315,0.170043,2.80764,0.606726,0.00456202,0.606272,2.79891,0.169843,2.77546,494.457,250.097,500,42.0,46.0,46.0,1377.9,78.12,2397.2,1990.1,d5f129c,1,lbm_heterogeneo_estatico_bench,0
20261006_102041-0086,86,7,2026-10-06T10:31:14,static,FP64,1000,1000,500,500,1000,100,899,12,507.295,1.97124,1.95724,0.0574148,1.93519,0.958131,0.00475859,0.957856,1.92647,0.0571838,1.90456,521.849,259.542,500,42.0,46.0,46.0,1191.0,87.83,2070.7,1902.2,d5f129c,1,lbm_heterogeneo_estatico_bench,0
20261006_102041-0087,87,9,2026-10-06T10:31:22,static,FP64,1000,1000,400,600,1000,100,899,12,433.928,2.30453,2.28659,0.113261,2.33116,0.797656,0.00418072,0.797376,2.25482,0.113061,2.29885,501.47,266.096,500,42.0,46.0,45.0,1300.0,83.03,1886.3,2001.9,d5f129c,1,lbm_heterogeneo_estatico_bench,0
20261006_102041-0088,88,2,2026-10-06T10:31:30,static,FP64,1000,1000,500,500,1000,100,899,12,525.074,1.90449,1.88971,0.0917008,1.92667,0.958194,0.00509955,0.957856,1.85963,0.0915741,1.89681,521.815,268.871,500,42.0,45.0,46.0,1215.0,88.96,2199.6,1327.7,d5f129c,1,lbm_heterogeneo_estatico_bench,0
20261006_102041-0089,89,5,2026-10-06T10:31:37,static,FP64,1000,1000,750,250,1000,100,899,12,736.406,1.35795,1.34978,0.0291164,1.33602,1.33922,0.0289284,1.3257,0.834541,0.0475477,0.80753,560.028,299.566,500,41.0,46.0,48.0,1083.8,115.15,1854.2,2062.9,d5f129c,1,lbm_heterogeneo_estatico_bench,0
20261006_102041-0090,90,5,2026-10-06T10:31:44,static,FP64,1000,1000,800,200,1000,100,899,12,692.315,1.44443,1.43575,0.0245529,1.42636,1.42692,0.0244086,1.41763,0.657825,0.0350604,0.637362,560.65,304.032,500,41.0,47.0,48.0,1083.8,112.87,2259.0,1190.1,d5f129c,1,lbm_heterogeneo_estatico_bench,0
20261006_102041-0091,91,3,2026-10-06T10:31:51,static,FP64,1000,1000,700,300,1000,100,899,12,782.822,1.27743,1.26993,0.087529,1.25132,1.25519,0.0286767,1.23962,1.01859,0.103375,0.990112,557.683,294.524,500,42.0,46.0,48.0,1072.5,113.03,1862.3,2335.2,d5f129c,1,lbm_heterogeneo_estatico_bench,0
20261006_102041-0092,92,8,2026-10-06T10:31:58,static,FP64,1000,1000,750,250,1000,100,899,12,736.184,1.35836,1.35035,0.0277626,1.3361,1.34011,0.0276698,1.32614,0.836035,0.0430265,0.808201,559.656,299.031,500,42.0,48.0,48.0,1072.5,112.09,2357.1,2084.2,d5f129c,1,lbm_heterogeneo_estatico_bench,0
20261006_102041-0093,93,2,2026-10-06T10:32:06,static,FP64,1000,1000,400,600,1000,100,899,12,419.527,2.38364,2.36536,0.0599167,2.34738,0.798133,0.00462729,0.797792,2.3338,0.0596874,2.31588,501.17,257.092,500,42.0,45.0,45.0,1300.0,82.62,1868.0,1200.3,d5f129c,1,lbm_heterogeneo_estatico_bench,0
20261006_102041-0094,94,9,2026-10-06T10:32:13,static,FP64,1000,1000,950,50,1000,100,899,12,586.255,1.70574,1.69566,0.0309982,1.68415,1.68783,0.0306211,1.67648,0.194991,0.0514565,0.196697,562.852,256.422,500,41.0,48.0,47.0,1076.2,56.01,1885.4,3129.8,d5f129c,1,lbm_heterogeneo_estatico_bench,0
20261006_102041-0095,95,5,2026-10-06T10:32:21,static,FP64,1000,1000,850,150,1000,100,899,12,654.158,1.52868,1.51954,0.0265766,1.50988,1.51154,0.0264817,1.50192,0.492458,0.0278665,0.475178,562.34,304.594,500,42.0,45.0,48.0,1080.0,120.51,1841.7,2604.6,d5f129c,1,lbm_heterogeneo_estatico_bench,0
20261006_102041-0096,96,6,2026-10-06T10:32:27,static,FP64,1000,1000,660,340,1000,100,899,12,812.588,1.23064,1.21681,0.0383609,1.19992,1.19553,0.0277397,1.18579,1.17165,0.050644,1.14936,552.055,290.188,500,42.0,48.0,47.0,780.0,57.23,2343.8,2753.3,d5f129c,1,lbm_heterogeneo_estatico_bench,0
20261006_102041-0097,97,4,2026-10-06T10:32:35,static,FP64,1000,1000,500,500,1000,100,899,12,519.233,1.92592,1.91164,0.0701141,1.91555,0.958473,0.00489874,0.958048,1.88038,0.0698098,1.88461,521.663,265.904,500,41.0,45.0,45.0,1191.0,88.77,1849.0,1561.7,d5f129c,1,lbm_heterogeneo_estatico_bench,0
20261006_102041-0098,98,1,2026-10-06T10:32:42,static,FP64,1000,1000,800,200,1000,100,899,12,692.322,1.44441,1.43558,0.0221686,1.42699,1.42683,0.0220534,1.4183,0.659832,0.0378908,0.638965,560.683,303.108,500,41.0,48.0,47.0,1080.0,112.38,1841.6,1210.2,d5f129c,1,lbm_heterogeneo_estatico_bench,0
20261006_102041-0099,99,9,2026-10-06T10:32:49,static,FP64,1000,1000,800,200,1000,100,899,12,689.218,1.45092,1.4428,0.0304462,1.42722,1.43377,0.0303428,1.41837,0.658658,0.0385032,0.637502,557.971,303.648,500,41.0,48.0,47.0,1072.5,73.06,2415.4,1468.7,d5f129c,1,lbm_heterogeneo_estatico_bench,0
20261006_102041-0100,100,3,2026-10-06T10:32:56,static,FP64,1000,1000,500,500,1000,100,899,12,506.096,1.97591,1.96247,0.0566496,1.93963,0.957809,0.00463384,0.957536,1.93241,0.0562975,1.90981,522.025,258.744,500,41.0,45.0,45.0,1191.0,87.85,2111.8,1581.3,d5f129c,1,lbm_heterogeneo_estatico_bench,0
20261006_102041-0101,101,1,2026-10-06T10:33:03,static,FP64,1000,1000,823,177,1000,100,899,12,674.214,1.48321,1.47437,0.0255933,1.46413,1.46564,0.025477,1.45552,0.578582,0.0318429,0.561099,561.53,305.92,500,41.0,45.0,47.0,1053.8,55.24,2487.6,2238.3,d5f129c,1,lbm_heterogeneo_estatico_bench,0
20261006_102041-0102,102,2,2026-10-06T10:33:11,static,FP64,1000,1000,800,200,1000,100,899,12,673.029,1.48582,1.48169,0.394079,1.43419,1.44129,0.0323498,1.42544,0.703266,0.455182,0.647511,555.058,284.387,500,41.0,45.0,47.0,1076.2,118.26,1841.7,1758.3,d5f129c,1,lbm_heterogeneo_estatico_bench,0
20261006_102041-0103,103,4,2026-10-06T10:33:18,static,FP64,1000,1000,600,400,1000,100,899,12,678.542,1.47375,1.46485,0.0436313,1.45704,1.1273,0.00399865,1.12714,1.43528,0.043319,1.42776,532.244,278.69,500,41.0,45.0,46.0,1027.5,96.99,2936.7,1417.7,d5f129c,1,lbm_heterogeneo_estatico_bench,0
20261006_102041-0104,104,8,2026-10-06T10:33:25,static,FP64,1000,1000,900,100,1000,100,899,12,618.998,1.61552,1.60577,0.0269107,1.59644,1.5978,0.0268134,1.58851,0.364741,0.0296139,0.359262,563.275,274.167,500,41.0,48.0,47.0,1080.0,113.33,2423.3,2244.1,d5f129c,1,lbm_heterogeneo_estatico_bench,0
20261006_102041-0105,105,6,2026-10-06T10:33:33,static,FP64,1000,1000,400,600,1000,100,899,12,415.722,2.40545,2.38772,0.06999,2.36412,0.797423,0.00415904,0.796992,2.35564,0.0696601,2.33229,501.616,254.708,500,41.0,45.0,45.0,1300.0,82.53,2076.7,1502.0,d5f129c,1,lbm_heterogeneo_estatico_bench,0
20261006_102041-0106,106,2,2026-10-06T10:33:40,static,FP64,1000,1000,950,50,1000,100,899,12,586.043,1.70636,1.69633,0.0302203,1.68515,1.68809,0.0300889,1.6768,0.193312,0.00966868,0.196498,562.766,258.65,500,41.0,47.0,47.0,1113.8,75.5,1504.1,2952.7,d5f129c,1,lbm_heterogeneo_estatico_bench,0
20261006_102041-0107,107,1,2026-10-06T10:33:47,static,FP64,1000,1000,500,500,1000,100,899,12,518.281,1.92946,1.91506,0.0729656,1.92222,0.958117,0.00456084,0.957664,1.8836,0.0726527,1.89123,521.857,265.449,500,42.0,45.0,45.0,1203.0,88.14,2473.4,1201.3,d5f129c,1,lbm_heterogeneo_estatico_bench,0
20261006_102041-0108,108,6,2026-10-06T10:33:54,static,FP64,1000,1000,700,300,1000,100,899,12,788.199,1.26872,1.26066,0.0244499,1.24958,1.24916,0.0244052,1.23805,1.01697,0.0476347,0.988278,560.374,294.994,500,41.0,44.0,47.0,1053.8,65.51,2304.1,1865.3,d5f129c,1,lbm_heterogeneo_estatico_bench,0
20261006_102041-0109,109,3,2026-10-06T10:34:02,static,FP64,1000,1000,800,200,1000,100,899,12,689.717,1.44987,1.44168,0.0301543,1.42709,1.433,0.0299958,1.41853,0.657162,0.0363052,0.637893,558.268,304.339,500,41.0,45.0,47.0,1080.0,119.01,2266.3,2830.3,d5f129c,1,lbm_heterogeneo_estatico_bench,0
20261006_102041-0110,110,5,2026-10-06T10:34:09,static,FP64,1000,1000,600,400,1000,100,899,12,668.572,1.49572,1.48704,0.102287,1.46397,1.12732,0.00401689,1.12717,1.45864,0.101529,1.43601,532.238,274.229,500,41.0,45.0,46.0,1027.5,97.61,2160.9,2117.9,d5f129c,1,lbm_heterogeneo_estatico_bench,0
20261006_102041-0111,111,5,2026-10-06T10:34:16,static,FP64,1000,1000,500,500,1000,100,899,12,506.939,1.97262,1.95839,0.059004,1.93635,0.958653,0.00464748,0.958432,1.92685,0.0587115,1.90449,521.565,259.49,500,41.0,45.0,45.0,1191.0,88.16,2391.1,1327.1,d5f129c,1,lbm_heterogeneo_estatico_bench,0
20261006_102041-0112,112,8,2026-10-06T10:34:23,static,FP64,1000,1000,660,340,1000,100,899,12,813.961,1.22856,1.21963,0.0466854,1.2154,1.19117,0.0243082,1.18029,1.17811,0.0546892,1.14891,554.076,288.598,500,41.0,45.0,47.0,1065.0,112.15,2557.3,1580.2,d5f129c,1,lbm_heterogeneo_estatico_bench,0
20261006_102041-0113,113,10,2026-10-06T10:34:30,static,FP64,1000,1000,900,100,1000,100,899,12,617.904,1.61837,1.60923,0.0317375,1.59609,1.60126,0.031639,1.58829,0.365196,0.0290547,0.364833,562.059,273.826,500,41.0,47.0,47.0,1053.8,67.14,1842.1,2123.2,d5f129c,1,lbm_heterogeneo_estatico_bench,0
20261006_102041-0114,114,9,2026-10-06T10:34:37,static,FP64,1000,1000,600,400,1000,100,899,12,667.914,1.4972,1.48738,0.0399033,1.46867,1.12765,0.00426782,1.12733,1.45849,0.0395263,1.4405,532.082,274.255,500,41.0,45.0,45.0,1027.5,59.5,1756.7,1187.2,d5f129c,1,lbm_heterogeneo_estatico_bench,0
20261006_102041-0115,115,3,2026-10-06T10:34:45,static,FP64,1000,1000,900,100,1000,100,899,12,620.556,1.61146,1.60133,0.0313343,1.59556,1.59208,0.0178376,1.58762,0.367977,0.0889823,0.359332,565.299,271.756,500,41.0,47.0,47.0,1080.0,122.28,2210.3,1482.0,d5f129c,1,lbm_heterogeneo_estatico_bench,0
20261006_102041-0116,116,6,2026-10-06T10:34:52,static,FP64,1000,1000,900,100,1000,100,899,12,618.021,1.61807,1.60886,0.0312813,1.59617,1.60097,0.0311665,1.58848,0.363281,0.0289064,0.358009,562.158,275.269,500,41.0,46.0,47.0,1080.0,119.38,2014.0,1837.8,d5f129c,1,lbm_heterogeneo_estatico_bench,0
20261006_102041-0117,117,5,2026-10-06T10:34:59,static,FP64,1000,1000,900,100,1000,100,899,12,619.508,1.61418,1.60449,0.0259441,1.59611,1.5965,0.0257188,1.58832,0.364445,0.0293431,0.35821,563.732,274.39,500,41.0,47.0,47.0,1080.0,118.31,1982.1,3053.9,d5f129c,1,lbm_heterogeneo_estatico_bench,0
20261006_102041-0118,118,2,2026-10-06T10:35:07,static,FP64,1000,1000,300,700,1000,100,899,12,361.708,2.76466,2.75037,0.427326,2.67594,0.606448,0.00497214,0.605888,2.71891,0.426691,2.64522,494.683,257.456,500,41.0,44.0,44.0,1377.9,78.57,1842.0,1749.2,d5f129c,1,lbm_heterogeneo_estatico_bench,0
20261006_102041-0119,119,4,2026-10-06T10:35:14,static,FP64,1000,1000,850,150,1000,100,899,12,656.524,1.52317,1.51346,0.0179531,1.50904,1.50542,0.0178912,1.50096,0.491891,0.0275737,0.475118,564.626,304.945,500,40.0,47.0,47.0,1083.8,112.78,1916.4,1435.7,d5f129c,1,lbm_heterogeneo_estatico_bench,0
20261006_102041-0120,120,4,2026-10-06T10:35:21,static,FP64,1000,1000,700,300,1000,100,899,12,783.246,1.27674,1.26924,0.0311533,1.2525,1.25532,0.0277953,1.23926,1.02506,0.0548667,0.991905,557.626,292.665,500,41.0,45.0,47.0,1068.8,80.77,2384.1,1469.6,d5f129c,1,lbm_heterogeneo_estatico_bench,0
