precision,ny_gpu,n,gpu_side_mlups,cpu_side_mlups,mlups_mean,mlups_std,mlups_min,mlups_max,t_gpu_ms,t_cpu_ms,t_step_ms,gpu_temp_max,gpu_clock,mlups_cv_pct,ny_cpu
FP64,300,10,494.314,254.65709999999999,356.9516,7.2199908771872305,348.986,365.365,0.6069015,2.749828,2.781926,48.9,1377.9,2.022680631544229,700
FP64,400,10,501.41360000000003,258.3624,421.49399999999997,8.005084703556303,414.132,434.847,0.797745,2.3230969999999997,2.354812,49.7,1301.5,1.8992167631226786,600
FP64,500,10,521.7772,262.8806,513.5278999999999,7.919644063971558,506.096,526.421,0.9582634999999999,1.902427,1.93322,47.7,1194.6,1.5422032695733883,500
FP64,600,10,532.1116,271.5208,662.2759,26.83396800263923,586.462,678.542,1.127586,1.476299,1.505669,51.0,1027.5,4.0517808367538715,400
FP64,660,10,553.2939,289.6328,813.918,3.6522016191150732,805.512,818.295,1.1928649999999998,1.173912,1.2194660000000002,50.4,1006.25,0.44871862019454944,340
FP64,700,10,559.0674,294.4631,785.703,2.068874680700645,782.822,788.199,1.252091,1.018818,1.2649979999999998,49.8,1073.26,0.26331510516068346,300
FP64,750,10,562.1286,299.605,738.7735,3.435763064201781,734.603,743.499,1.334247,0.8344457999999999,1.3450250000000001,53.3,1078.8700000000001,0.4650631166659038,250
FP64,800,10,560.0413000000001,300.31260000000003,689.3095999999999,7.483231999313906,673.029,695.959,1.428504,0.6663239,1.442798,50.5,1081.8700000000001,1.0856126186714803,200
FP64,823,10,562.4680000000001,303.7934,675.0724,1.9933214157949133,672.267,679.606,1.463209,0.5826645,1.472352,52.1,1077.0,0.29527520541425084,177
FP64,850,10,562.4008,304.25329999999997,654.1512,2.5948816200787075,651.312,657.88,1.511404,0.4930133,1.519581,51.7,1078.5,0.39667918060514257,150
FP64,900,10,564.0746,273.16569999999996,619.7081000000001,1.7728055260894846,617.313,622.728,1.595551,0.36608870000000004,1.603873,50.4,1074.76,0.2860710592760502,100
FP64,950,10,564.0319999999999,257.93870000000004,587.2043,1.7474944635105016,584.609,589.861,1.684318,0.19384649999999998,1.692606,52.6,1083.3700000000001,0.2975956517195977,50
